{
  "train_loss": [
    0.26864674296595303,
    0.20391422420667082,
    0.182256796013783,
    0.16468985510223053,
    0.15860734198826784,
    0.14761202680129631,
    0.14093126126510255,
    0.13432983358335845,
    0.12999111107167075,
    0.12742216472386145,
    0.16044218241072752,
    0.15705322912510702,
    0.1510232241970359,
    0.14871337230079898,
    0.14283255642900863,
    0.14128296179514305,
    0.13819804990335421,
    0.13120166190406857,
    0.12845055294204868,
    0.12671850190735331,
    0.12264871043974862,
    0.12053811267091363,
    0.11894604289794669,
    0.11707801731558991,
    0.11349893505593725,
    0.11338603722990728,
    0.11260826505866706,
    0.10999468116856673,
    0.10972232463787876,
    0.10908184520096756,
    0.13925410337819188,
    0.13898734001479313,
    0.13363732337294257,
    0.13111534946616374,
    0.13197410908326798,
    0.1281874519316297,
    0.12550570156571328,
    0.12824387033926507,
    0.1256885896345564
  ],
  "val_loss": [
    0.18568249761241756,
    0.14144808462221328,
    0.13887447639279168,
    0.13858812384001196,
    0.12018852609477632,
    0.12194329010297174,
    0.11847704710209206,
    0.11269032261142992,
    0.11189631454340399,
    0.10853884593672948,
    0.1301127585442099,
    0.12299542782241352,
    0.12028382636912882,
    0.11469321687744088,
    0.11593307595546931,
    0.11347532445845539,
    0.1161381256294577,
    0.10951036561841834,
    0.10736545032426102,
    0.10979987987100262,
    0.10487234214805577,
    0.10487717992230637,
    0.10495989034845404,
    0.10255815599062672,
    0.10341955272302236,
    0.10165975936879851,
    0.10075088069863515,
    0.10036521425394163,
    0.10043644935709156,
    0.10050538432312338,
    0.11605757393249094,
    0.11230625722506275,
    0.11342713849185264,
    0.11076790278088557,
    0.126579832336674,
    0.10723995121374522,
    0.10751302305557957,
    0.1092751875315627,
    0.10965923811883142
  ],
  "val_iou": [
    0.7219696617704783,
    0.783647097013283,
    0.785702502696196,
    0.7898790769552425,
    0.8125145615106584,
    0.8088911179308227,
    0.8147175937143997,
    0.8219281162617211,
    0.8243052200299515,
    0.8284893672770239,
    0.7996658574428618,
    0.8082585462397761,
    0.8112826943958147,
    0.8199483651102034,
    0.8185551087738268,
    0.8213003064274716,
    0.8193295203482505,
    0.8257310721484891,
    0.8291442851056082,
    0.8264315523524879,
    0.8337713357770798,
    0.834063125359648,
    0.8331934313764692,
    0.8372504554460558,
    0.8346446140376436,
    0.8377407430977561,
    0.8392684108624912,
    0.8399325767093032,
    0.8400459775591375,
    0.8395143121665233,
    0.8177894681512916,
    0.8238841953059607,
    0.8218625876624512,
    0.823644019973676,
    0.8077142421896263,
    0.8311069557582051,
    0.8297610361147668,
    0.829985927919995,
    0.8278804391894121
  ],
  "val_f1": [
    0.8366125106146254,
    0.8777332594761653,
    0.8790737452624537,
    0.8816908561930185,
    0.8957306664556192,
    0.8935408942906619,
    0.8971348348347445,
    0.9015348228499676,
    0.9029161541901901,
    0.9055356611003283,
    0.8876915632101127,
    0.8932091973569026,
    0.8950775351810927,
    0.9003780737213731,
    0.8995042081835033,
    0.9011696847329217,
    0.8999995363208605,
    0.9039180817516961,
    0.9059014253631082,
    0.9042339570812967,
    0.9086654501082496,
    0.9088533925606359,
    0.9083268845564033,
    0.9107580513240053,
    0.9091279722598591,
    0.911066504125936,
    0.9119864145016653,
    0.9123990351488839,
    0.9124462784453368,
    0.9121145910140308,
    0.8989924290955444,
    0.9027117387835492,
    0.9010559133227917,
    0.9025990305686827,
    0.8923628926251486,
    0.907074368738117,
    0.9061331836867256,
    0.9064435166659032,
    0.9047825197046665
  ]
}